date,subject,sender,to,cc,body_title_top,body_link1_title,body_post_classification,body_title,body_date,body_description,body_link2_title,body_link3_title,body_full,file_name
2021-01-31 00:00:00+00:00,15,15,15,0,15,15,15,15,15,15,15,15,15,15
2021-02-28 00:00:00+00:00,15,15,15,0,15,15,15,15,15,15,15,15,15,15
2021-03-31 00:00:00+00:00,120,120,120,0,120,120,120,120,120,120,120,120,120,120
2021-04-30 00:00:00+00:00,15,15,15,0,15,15,15,15,15,15,15,15,15,15
2021-05-31 00:00:00+00:00,53,53,53,0,53,53,53,53,53,53,53,53,53,53
2021-06-30 00:00:00+00:00,28,28,28,0,28,28,28,28,28,28,28,28,28,28
2021-07-31 00:00:00+00:00,43,43,43,0,43,43,43,43,43,43,43,43,43,43
2021-08-31 00:00:00+00:00,33,33,33,0,33,33,33,33,33,33,33,33,33,33
2021-09-30 00:00:00+00:00,66,66,66,0,66,66,66,66,66,66,66,66,66,66
2021-10-31 00:00:00+00:00,22,22,22,0,22,22,22,22,22,22,22,22,22,22
2021-11-30 00:00:00+00:00,22,22,22,0,22,22,22,22,22,22,22,22,22,22
2021-12-31 00:00:00+00:00,11,11,11,0,11,11,11,11,11,11,11,11,11,11
2022-01-31 00:00:00+00:00,6,6,6,0,6,6,6,6,6,6,6,6,6,6
2022-02-28 00:00:00+00:00,15,15,15,0,15,15,15,15,15,15,15,15,15,15
2022-03-31 00:00:00+00:00,0,0,0,0,0,0,0,0,0,0,0,0,0,0
2022-04-30 00:00:00+00:00,15,15,15,0,15,15,15,15,15,15,15,15,15,15
2022-05-31 00:00:00+00:00,15,15,15,0,15,15,15,15,15,15,15,15,15,15
